slf_file,obs_file,test_file,slf_condition,slf_pair_pat,slf_order_pat,slf_conf_pat,slf_reward_left,slf_reward_right,obs_condition,obs_pair_pat,obs_order_pat,obs_conf_pat,obs_reward_left,obs_reward_right,obs_pos_chosen,obs_conf,obs_reward,obs_img_time,obs_conf_time,test_condition,test_pair_pat,test_order_pat,test_conf_pat,BlockLoop.thisRepN,BlockLoop.thisTrialN,BlockLoop.thisN,BlockLoop.thisIndex,SlfSequence.thisRepN,SlfSequence.thisTrialN,SlfSequence.thisN,SlfSequence.thisIndex,SlfSkip.thisRepN,SlfSkip.thisTrialN,SlfSkip.thisN,SlfSkip.thisIndex,ObsSequence.thisRepN,ObsSequence.thisTrialN,ObsSequence.thisN,ObsSequence.thisIndex,TestSequence.thisRepN,TestSequence.thisTrialN,TestSequence.thisN,TestSequence.thisIndex,TestSkip.thisRepN,TestSkip.thisTrialN,TestSkip.thisN,TestSkip.thisIndex,STANDBY_TEXT.started,STANDBY_RESP.started,STANDBY_RESP.keys,STANDBY_RESP.rt,SLF_INSTR.started,SLF_IMG_FIX.started,SLF_IMG_LEFT.started,SLF_IMG_RIGHT.started,SLF_IMG_RESP.started,SLF_IMG_RESP.keys,SLF_IMG_RESP.corr,SLF_IMG_RESP.rt,SLF_IMGFB_FIX.started,SLF_IMGFB_FRAME.started,SLF_IMGFB_IMG_LEFT.started,SLF_IMGFB_IMG_RIGHT.started,SLF_IMGFB_FIX.stopped,SLF_IMGFB_FRAME.stopped,SLF_IMGFB_IMG_LEFT.stopped,SLF_IMGFB_IMG_RIGHT.stopped,SLF_CONF_FIX.started,SLF_CONF_LOW_BOX.started,SLF_CONF_LOW_TEXT.started,SLF_CONF_HIGH_BOX.started,SLF_CONF_HIGH_TEXT.started,SLF_CONF_RESP.started,SLF_CONF_RESP.keys,SLF_CONF_RESP.rt,SLF_CONFFB_FIX.started,SLF_CONFFB_FRAME.started,SLF_CONFFB_LOW_BOX.started,SLF_CONFFB_LOW_TEXT.started,SLF_CONFFB_HIGH_BOX.started,SLF_CONFFB_HIGH_TEXT.started,SLF_CONFFB_FIX.stopped,SLF_CONFFB_FRAME.stopped,SLF_CONFFB_LOW_BOX.stopped,SLF_CONFFB_LOW_TEXT.stopped,SLF_CONFFB_HIGH_BOX.stopped,SLF_CONFFB_HIGH_TEXT.stopped,SLF_REWARD_FRAME.started,SLF_REWARD_IMG_LEFT.started,SLF_REWARD_IMG_RIGHT.started,SLF_REWARD_TEXT.started,SLF_REWARD_FRAME.stopped,SLF_REWARD_IMG_LEFT.stopped,SLF_REWARD_IMG_RIGHT.stopped,SLF_REWARD_TEXT.stopped,OBS_INSTR.started,OBS_IMG_FIX.started,OBS_IMG_LEFT.started,OBS_IMG_RIGHT.started,OBS_IMGFB_FRAME.started,OBS_IMGFB_FRAME.stopped,OBS_IMG_LEFT.stopped,OBS_IMG_RIGHT.stopped,OBS_IMG_FIX.stopped,OBS_CONF_FIX.started,OBS_CONF_LOW_BOX.started,OBS_CONF_LOW_TEXT.started,OBS_CONF_HIGH_BOX.started,OBS_CONF_HIGH_TEXT.started,OBS_CONFFB_FRAME.started,OBS_CONFFB_FRAME.stopped,OBS_CONF_FIX.stopped,OBS_CONF_LOW_BOX.stopped,OBS_CONF_LOW_TEXT.stopped,OBS_CONF_HIGH_BOX.stopped,OBS_CONF_HIGH_TEXT.stopped,OBS_REWARD_FRAME.started,OBS_REWARD_IMG_LEFT.started,OBS_REWARD_IMG_RIGHT.started,OBS_REWARD_TEXT.started,OBS_REWARD_FRAME.stopped,OBS_REWARD_IMG_LEFT.stopped,OBS_REWARD_IMG_RIGHT.stopped,OBS_REWARD_TEXT.stopped,TEST_INSTR.started,TEST_IMG_FIX.started,TEST_IMG_LEFT.started,TEST_IMG_RIGHT.started,TEST_IMG_RESP.started,TEST_IMG_RESP.keys,TEST_IMG_RESP.corr,TEST_IMG_RESP.rt,TEST_IMGFB_FIX.started,TEST_IMGFB_FRAME.started,TEST_IMGFB_IMG_LEFT.started,TEST_IMGFB_IMG_RIGHT.started,TEST_IMGFB_FIX.stopped,TEST_IMGFB_FRAME.stopped,TEST_IMGFB_IMG_LEFT.stopped,TEST_IMGFB_IMG_RIGHT.stopped,TEST_CONF_FIX.started,TEST_CONF_LOW_BOX.started,TEST_CONF_LOW_TEXT.started,TEST_CONF_HIGH_BOX.started,TEST_CONF_HIGH_TEXT.started,TEST_CONF_RESP.started,TEST_CONF_RESP.keys,TEST_CONF_RESP.rt,TEST_CONFFB_FIX.started,TEST_CONFFB_FRAME.started,TEST_CONFFB_LOW_BOX.started,TEST_CONFFB_LOW_TEXT.started,TEST_CONFFB_HIGH_BOX.started,TEST_CONFFB_HIGH_TEXT.started,TEST_CONFFB_FIX.stopped,TEST_CONFFB_FRAME.stopped,TEST_CONFFB_LOW_BOX.stopped,TEST_CONFFB_LOW_TEXT.stopped,TEST_CONFFB_HIGH_BOX.stopped,TEST_CONFFB_HIGH_TEXT.stopped,TEST_REWARD_FRAME.started,TEST_REWARD_IMG_LEFT.started,TEST_REWARD_IMG_RIGHT.started,TEST_REWARD_TEXT.started,TEST_REWARD_FRAME.stopped,TEST_REWARD_IMG_LEFT.stopped,TEST_REWARD_IMG_RIGHT.stopped,TEST_REWARD_TEXT.stopped,TEST_IMG_LEFT.stopped,TEST_IMG_RIGHT.stopped,TEST_IMG_RESP.stopped,TEST_IMG_FIX.stopped,BLOCK_REST_TEXT.started,BLOCK_REST_SKIP.started,BLOCK_REST_SKIP.keys,BLOCK_REST_SKIP.rt,APPRECIATION.started,participant,date,expName,psychopyVersion,frameRate,
,,,,,,,,,,,,,,,,,,,,,,,,,,,,,,,,,,,,,,,,,,,,,,,,16.58998141705524,16.58998141705524,space,1.7123111659893766,,,,,,,,,,,,,,,,,,,,,,,,,,,,,,,,,,,,,,,,,,,,,,,,,,,,,,,,,,,,,,,,,,,,,,,,,,,,,,,,,,,,,,,,,,,,,,,,,,,,,,,,,,,,,,,,,,,,,,,,,,,,,,,shiga,2023-06-28_15h37.43.624,Pattern_1,2022.2.4,None,
slfT.xlsx,obsT.xlsx,testT.xlsx,0,2,2,1,17,39,,,,,,,,,,,,,,,,0,0,0,0,0,0,0,0,0,0,0,0,,,,,,,,,,,,,,,,,21.3790431250236,23.40838358399924,23.84418162505608,23.84418162505608,23.84418162505608,right,0,1.4956050819600932,25.82346825004788,25.82346825004788,25.82346825004788,25.82346825004788,26.822036750032566,26.822036750032566,26.822036750032566,26.822036750032566,26.822036750032566,26.822036750032566,26.822036750032566,26.822036750032566,26.822036750032566,26.822036750032566,left,1.6886890819878317,28.529233459034003,28.529233459034003,28.529233459034003,28.529233459034003,28.529233459034003,28.529233459034003,29.562131667044014,29.562131667044014,29.562131667044014,29.562131667044014,29.562131667044014,29.562131667044014,,,,,,,,,,,,,,,,,,,,,,,,,,,,,,,,,,,,,,,,,,,,,,,,,,,,,,,,,,,,,,,,,,,,,,,,,,,,,,,,,,,,,,,,,,,shiga,2023-06-28_15h37.43.624,Pattern_1,2022.2.4,None,
slfT.xlsx,obsT.xlsx,testT.xlsx,0,2,2,1,17,39,,,,,,,,,,,,,,,,0,0,0,0,0,0,0,0,,,,,,,,,,,,,,,,,,,,,,,,,,,,,,,,,,,,,,,,,,,,,,,,,,,,,,,,,29.562131667044014,29.562131667044014,29.562131667044014,29.562131667044014,31.595480209041853,31.595480209041853,31.595480209041853,31.595480209041853,,,,,,,,,,,,,,,,,,,,,,,,,,,,,,,,,,,,,,,,,,,,,,,,,,,,,,,,,,,,,,,,,,,,,,,,,,,,,,,,,,,shiga,2023-06-28_15h37.43.624,Pattern_1,2022.2.4,None,
slfT.xlsx,obsT.xlsx,testT.xlsx,0,3,1,1,47,18,,,,,,,,,,,,,,,,0,0,0,0,0,1,1,1,0,0,0,0,,,,,,,,,,,,,,,,,,31.595480209041853,32.073745875037275,32.073745875037275,32.073745875037275,left,0,2.252101623977069,34.39040470903274,34.39040470903274,34.39040470903274,34.39040470903274,35.383903500041924,35.383903500041924,35.383903500041924,35.383903500041924,35.383903500041924,35.383903500041924,35.383903500041924,35.383903500041924,35.383903500041924,35.383903500041924,left,1.261477708001621,36.66183408402139,36.66183408402139,36.66183408402139,36.66183408402139,36.66183408402139,36.66183408402139,37.70498641702579,37.70498641702579,37.70498641702579,37.70498641702579,37.70498641702579,37.70498641702579,,,,,,,,,,,,,,,,,,,,,,,,,,,,,,,,,,,,,,,,,,,,,,,,,,,,,,,,,,,,,,,,,,,,,,,,,,,,,,,,,,,,,,,,,,,shiga,2023-06-28_15h37.43.624,Pattern_1,2022.2.4,None,
slfT.xlsx,obsT.xlsx,testT.xlsx,0,3,1,1,47,18,,,,,,,,,,,,,,,,0,0,0,0,0,1,1,1,,,,,,,,,,,,,,,,,,,,,,,,,,,,,,,,,,,,,,,,,,,,,,,,,,,,,,,,,37.70498641702579,37.70498641702579,37.70498641702579,37.70498641702579,39.73303937504534,39.73303937504534,39.73303937504534,39.73303937504534,,,,,,,,,,,,,,,,,,,,,,,,,,,,,,,,,,,,,,,,,,,,,,,,,,,,,,,,,,,,,,,,,,,,,,,,,,,,,,,,,,,shiga,2023-06-28_15h37.43.624,Pattern_1,2022.2.4,None,
slfT.xlsx,obsT.xlsx,testT.xlsx,0,1,1,1,38,22,,,,,,,,,,,,,,,,0,0,0,0,0,2,2,2,0,0,0,0,,,,,,,,,,,,,,,,,,39.73303937504534,40.20572920900304,40.20572920900304,40.20572920900304,left,0,4.485328206908889,44.747663792048115,44.747663792048115,44.747663792048115,44.747663792048115,45.74825937504647,45.74825937504647,45.74825937504647,45.74825937504647,45.74825937504647,45.74825937504647,45.74825937504647,45.74825937504647,45.74825937504647,45.74825937504647,left,1.1955652489559725,46.961093834019266,46.961093834019266,46.961093834019266,46.961093834019266,46.961093834019266,46.961093834019266,48.00289308401989,48.00289308401989,48.00289308401989,48.00289308401989,48.00289308401989,48.00289308401989,,,,,,,,,,,,,,,,,,,,,,,,,,,,,,,,,,,,,,,,,,,,,,,,,,,,,,,,,,,,,,,,,,,,,,,,,,,,,,,,,,,,,,,,,,,shiga,2023-06-28_15h37.43.624,Pattern_1,2022.2.4,None,
slfT.xlsx,obsT.xlsx,testT.xlsx,0,1,1,1,38,22,,,,,,,,,,,,,,,,0,0,0,0,0,2,2,2,,,,,,,,,,,,,,,,,,,,,,,,,,,,,,,,,,,,,,,,,,,,,,,,,,,,,,,,,48.00289308401989,48.00289308401989,48.00289308401989,48.00289308401989,50.04016712500015,50.04016712500015,50.04016712500015,50.04016712500015,,,,,,,,,,,,,,,,,,,,,,,,,,,,,,,,,,,,,,,,,,,,,,,,,,,,,,,,,,,,,,,,,,,,,,,,,,,,,,,,,,,shiga,2023-06-28_15h37.43.624,Pattern_1,2022.2.4,None,
slfT.xlsx,obsT.xlsx,testT.xlsx,0,3,2,2,37,47,,,,,,,,,,,,,,,,0,0,0,0,0,3,3,3,0,0,0,0,,,,,,,,,,,,,,,,,,50.04016712500015,50.517328209010884,50.517328209010884,50.517328209010884,right,0,2.485190873965621,53.03603516705334,53.03603516705334,53.03603516705334,53.03603516705334,54.03342720901128,54.03342720901128,54.03342720901128,54.03342720901128,54.03342720901128,54.03342720901128,54.03342720901128,54.03342720901128,54.03342720901128,54.03342720901128,right,1.775211165950168,55.82824395905482,55.82824395905482,55.82824395905482,55.82824395905482,55.82824395905482,55.82824395905482,56.86300879204646,56.86300879204646,56.86300879204646,56.86300879204646,56.86300879204646,56.86300879204646,,,,,,,,,,,,,,,,,,,,,,,,,,,,,,,,,,,,,,,,,,,,,,,,,,,,,,,,,,,,,,,,,,,,,,,,,,,,,,,,,,,,,,,,,,,shiga,2023-06-28_15h37.43.624,Pattern_1,2022.2.4,None,
slfT.xlsx,obsT.xlsx,testT.xlsx,0,3,2,2,37,47,,,,,,,,,,,,,,,,0,0,0,0,0,3,3,3,,,,,,,,,,,,,,,,,,,,,,,,,,,,,,,,,,,,,,,,,,,,,,,,,,,,,,,,,56.86300879204646,56.86300879204646,56.86300879204646,56.86300879204646,58.89611412503291,58.89611412503291,58.89611412503291,58.89611412503291,,,,,,,,,,,,,,,,,,,,,,,,,,,,,,,,,,,,,,,,,,,,,,,,,,,,,,,,,,,,,,,,,,,,,,,,,,,,,,,,,,,shiga,2023-06-28_15h37.43.624,Pattern_1,2022.2.4,None,
slfT.xlsx,obsT.xlsx,testT.xlsx,0,1,2,2,41,42,,,,,,,,,,,,,,,,0,0,0,0,0,4,4,4,0,0,0,0,,,,,,,,,,,,,,,,,,58.89611412503291,59.37409904203378,59.37409904203378,59.37409904203378,left,0,1.7534639989607967,61.17364033404738,61.17364033404738,61.17364033404738,61.17364033404738,62.18393925001146,62.18393925001146,62.18393925001146,62.18393925001146,62.18393925001146,62.18393925001146,62.18393925001146,62.18393925001146,62.18393925001146,62.18393925001146,right,0.7194117489852943,62.91647054202622,62.91647054202622,62.91647054202622,62.91647054202622,62.91647054202622,62.91647054202622,64.00049633404706,64.00049633404706,64.00049633404706,64.00049633404706,64.00049633404706,64.00049633404706,,,,,,,,,,,,,,,,,,,,,,,,,,,,,,,,,,,,,,,,,,,,,,,,,,,,,,,,,,,,,,,,,,,,,,,,,,,,,,,,,,,,,,,,,,,shiga,2023-06-28_15h37.43.624,Pattern_1,2022.2.4,None,
slfT.xlsx,obsT.xlsx,testT.xlsx,0,1,2,2,41,42,,,,,,,,,,,,,,,,0,0,0,0,0,4,4,4,,,,,,,,,,,,,,,,,,,,,,,,,,,,,,,,,,,,,,,,,,,,,,,,,,,,,,,,,64.00049633404706,64.00049633404706,64.00049633404706,64.00049633404706,66.0554253750015,66.0554253750015,66.0554253750015,66.0554253750015,,,,,,,,,,,,,,,,,,,,,,,,,,,,,,,,,,,,,,,,,,,,,,,,,,,,,,,,,,,,,,,,,,,,,,,,,,,,,,,,,,,shiga,2023-06-28_15h37.43.624,Pattern_1,2022.2.4,None,
slfT.xlsx,obsT.xlsx,testT.xlsx,0,2,1,1,52,35,,,,,,,,,,,,,,,,0,0,0,0,0,5,5,5,0,0,0,0,,,,,,,,,,,,,,,,,,66.0554253750015,66.52239566703793,66.52239566703793,66.52239566703793,left,0,2.4335956659633666,68.99978854204528,68.99978854204528,68.99978854204528,68.99978854204528,69.99408520903671,69.99408520903671,69.99408520903671,69.99408520903671,69.99408520903671,69.99408520903671,69.99408520903671,69.99408520903671,69.99408520903671,69.99408520903671,right,1.2236637909663841,71.23964770900784,71.23964770900784,71.23964770900784,71.23964770900784,71.23964770900784,71.23964770900784,72.33569866704056,72.33569866704056,72.33569866704056,72.33569866704056,72.33569866704056,72.33569866704056,,,,,,,,,,,,,,,,,,,,,,,,,,,,,,,,,,,,,,,,,,,,,,,,,,,,,,,,,,,,,,,,,,,,,,,,,,,,,,,,,,,,,,,,,,,shiga,2023-06-28_15h37.43.624,Pattern_1,2022.2.4,None,
slfT.xlsx,obsT.xlsx,testT.xlsx,0,2,1,1,52,35,,,,,,,,,,,,,,,,0,0,0,0,0,5,5,5,,,,,,,,,,,,,,,,,,,,,,,,,,,,,,,,,,,,,,,,,,,,,,,,,,,,,,,,,72.33569866704056,72.33569866704056,72.33569866704056,72.33569866704056,74.3719955420238,74.3719955420238,74.3719955420238,74.3719955420238,,,,,,,,,,,,,,,,,,,,,,,,,,,,,,,,,,,,,,,,,,,,,,,,,,,,,,,,,,,,,,,,,,,,,,,,,,,,,,,,,,,shiga,2023-06-28_15h37.43.624,Pattern_1,2022.2.4,None,
slfT.xlsx,obsT.xlsx,testT.xlsx,0,3,1,2,51,37,,,,,,,,,,,,,,,,0,0,0,0,0,6,6,6,0,0,0,0,,,,,,,,,,,,,,,,,,74.3719955420238,74.85035412502475,74.85035412502475,74.85035412502475,right,0,2.572093665949069,77.44745312503073,77.44745312503073,77.44745312503073,77.44745312503073,78.44538362504682,78.44538362504682,78.44538362504682,78.44538362504682,78.44538362504682,78.44538362504682,78.44538362504682,78.44538362504682,78.44538362504682,78.44538362504682,left,1.441805123933591,79.90299941704143,79.90299941704143,79.90299941704143,79.90299941704143,79.90299941704143,79.90299941704143,80.9433001250145,80.9433001250145,80.9433001250145,80.9433001250145,80.9433001250145,80.9433001250145,,,,,,,,,,,,,,,,,,,,,,,,,,,,,,,,,,,,,,,,,,,,,,,,,,,,,,,,,,,,,,,,,,,,,,,,,,,,,,,,,,,,,,,,,,,shiga,2023-06-28_15h37.43.624,Pattern_1,2022.2.4,None,
slfT.xlsx,obsT.xlsx,testT.xlsx,0,3,1,2,51,37,,,,,,,,,,,,,,,,0,0,0,0,0,6,6,6,,,,,,,,,,,,,,,,,,,,,,,,,,,,,,,,,,,,,,,,,,,,,,,,,,,,,,,,,80.9433001250145,80.9433001250145,80.9433001250145,80.9433001250145,82.99099000002025,82.99099000002025,82.99099000002025,82.99099000002025,,,,,,,,,,,,,,,,,,,,,,,,,,,,,,,,,,,,,,,,,,,,,,,,,,,,,,,,,,,,,,,,,,,,,,,,,,,,,,,,,,,shiga,2023-06-28_15h37.43.624,Pattern_1,2022.2.4,None,
slfT.xlsx,obsT.xlsx,testT.xlsx,0,2,2,1,32,47,,,,,,,,,,,,,,,,0,0,0,0,0,7,7,7,0,0,0,0,,,,,,,,,,,,,,,,,,82.99099000002025,83.45748883404303,83.45748883404303,83.45748883404303,right,0,2.3242739569977857,85.82657395902788,85.82657395902788,85.82657395902788,85.82657395902788,86.82740512501914,86.82740512501914,86.82740512501914,86.82740512501914,86.82740512501914,86.82740512501914,86.82740512501914,86.82740512501914,86.82740512501914,86.82740512501914,left,2.111874623980839,88.95073925005272,88.95073925005272,88.95073925005272,88.95073925005272,88.95073925005272,88.95073925005272,89.99375687504653,89.99375687504653,89.99375687504653,89.99375687504653,89.99375687504653,89.99375687504653,,,,,,,,,,,,,,,,,,,,,,,,,,,,,,,,,,,,,,,,,,,,,,,,,,,,,,,,,,,,,,,,,,,,,,,,,,,,,,,,,,,,,,,,,,,shiga,2023-06-28_15h37.43.624,Pattern_1,2022.2.4,None,
slfT.xlsx,obsT.xlsx,testT.xlsx,0,2,2,1,32,47,,,,,,,,,,,,,,,,0,0,0,0,0,7,7,7,,,,,,,,,,,,,,,,,,,,,,,,,,,,,,,,,,,,,,,,,,,,,,,,,,,,,,,,,89.99375687504653,89.99375687504653,89.99375687504653,89.99375687504653,92.03292225004407,92.03292225004407,92.03292225004407,92.03292225004407,,,,,,,,,,,,,,,,,,,,,,,,,,,,,,,,,,,,,,,,,,,,,,,,,,,,,,,,,,,,,,,,,,,,,,,,,,,,,,,,,,,shiga,2023-06-28_15h37.43.624,Pattern_1,2022.2.4,None,
slfT.xlsx,obsT.xlsx,testT.xlsx,0,1,1,2,34,42,,,,,,,,,,,,,,,,0,0,0,0,0,8,8,8,0,0,0,0,,,,,,,,,,,,,,,,,,92.03292225004407,92.50803458405426,92.50803458405426,92.50803458405426,right,0,1.7664826239342801,94.31539891700959,94.31539891700959,94.31539891700959,94.31539891700959,95.31334233400412,95.31334233400412,95.31334233400412,95.31334233400412,95.31334233400412,95.31334233400412,95.31334233400412,95.31334233400412,95.31334233400412,95.31334233400412,left,1.0593372489674948,96.38693625002634,96.38693625002634,96.38693625002634,96.38693625002634,96.38693625002634,96.38693625002634,97.45136304205516,97.45136304205516,97.45136304205516,97.45136304205516,97.45136304205516,97.45136304205516,,,,,,,,,,,,,,,,,,,,,,,,,,,,,,,,,,,,,,,,,,,,,,,,,,,,,,,,,,,,,,,,,,,,,,,,,,,,,,,,,,,,,,,,,,,shiga,2023-06-28_15h37.43.624,Pattern_1,2022.2.4,None,
slfT.xlsx,obsT.xlsx,testT.xlsx,0,1,1,2,34,42,,,,,,,,,,,,,,,,0,0,0,0,0,8,8,8,,,,,,,,,,,,,,,,,,,,,,,,,,,,,,,,,,,,,,,,,,,,,,,,,,,,,,,,,97.45136304205516,97.45136304205516,97.45136304205516,97.45136304205516,99.51819466700545,99.51819466700545,99.51819466700545,99.51819466700545,,,,,,,,,,,,,,,,,,,,,,,,,,,,,,,,,,,,,,,,,,,,,,,,,,,,,,,,,,,,,,,,,,,,,,,,,,,,,,,,,,,shiga,2023-06-28_15h37.43.624,Pattern_1,2022.2.4,None,
slfT.xlsx,obsT.xlsx,testT.xlsx,,,,,,,0,1,1,1,26,34,right,low,34,0.9084769056677844,0.6004941398057339,,,,,0,0,0,0,,,,,,,,,0,0,0,0,,,,,,,,,,,,,,,,,,,,,,,,,,,,,,,,,,,,,,,,,,,,,,,,,,,,,,,,,99.51819466700545,101.64420062501449,101.96756579203065,101.96756579203065,102.87383558403235,103.86765004205517,103.86765004205517,103.86765004205517,104.0581741250353,104.0581741250353,104.0581741250353,104.0581741250353,104.0581741250353,104.0581741250353,104.64178520900896,105.63335820904467,105.68350904202089,105.68350904202089,105.68350904202089,105.68350904202089,105.68350904202089,105.68350904202089,105.68350904202089,105.68350904202089,105.68350904202089,107.77480191702489,107.77480191702489,107.77480191702489,107.77480191702489,,,,,,,,,,,,,,,,,,,,,,,,,,,,,,,,,,,,,,,,,,,,,,,,,,,,,,shiga,2023-06-28_15h37.43.624,Pattern_1,2022.2.4,None,
slfT.xlsx,obsT.xlsx,testT.xlsx,,,,,,,0,2,2,2,53,29,left,high,53,1.792387255069631,1.255269400704353,,,,,0,0,0,0,,,,,,,,,0,1,1,1,,,,,,,,,,,,,,,,,,,,,,,,,,,,,,,,,,,,,,,,,,,,,,,,,,,,,,,,,,107.77480191702489,108.22367279202444,108.22367279202444,110.02484058402479,111.02308379200986,111.00594379199902,111.00594379199902,111.0580933340243,111.0580933340243,111.0580933340243,111.0580933340243,111.0580933340243,111.0580933340243,112.30070750002051,113.30076320900116,113.33247137500439,113.33247137500439,113.33247137500439,113.33247137500439,113.33247137500439,113.33247137500439,113.33247137500439,113.33247137500439,113.33247137500439,115.37203220900847,115.37203220900847,115.37203220900847,115.37203220900847,,,,,,,,,,,,,,,,,,,,,,,,,,,,,,,,,,,,,,,,,,,,,,,,,,,,,,shiga,2023-06-28_15h37.43.624,Pattern_1,2022.2.4,None,
slfT.xlsx,obsT.xlsx,testT.xlsx,,,,,,,0,3,1,1,58,30,left,high,58,0.8111036124839661,0.7547224616694679,,,,,0,0,0,0,,,,,,,,,0,2,2,2,,,,,,,,,,,,,,,,,,,,,,,,,,,,,,,,,,,,,,,,,,,,,,,,,,,,,,,,,,115.37203220900847,115.85083145904355,115.85083145904355,116.65779995900812,117.65106775000459,117.65609704202507,117.65609704202507,117.67756329203257,117.67756329203257,117.67756329203257,117.67756329203257,117.67756329203257,117.67756329203257,118.41685370902997,119.4081227920251,119.45429204200627,119.45429204200627,119.45429204200627,119.45429204200627,119.45429204200627,119.45429204200627,119.45429204200627,119.45429204200627,119.45429204200627,121.50383737502852,121.50383737502852,121.50383737502852,121.50383737502852,,,,,,,,,,,,,,,,,,,,,,,,,,,,,,,,,,,,,,,,,,,,,,,,,,,,,,shiga,2023-06-28_15h37.43.624,Pattern_1,2022.2.4,None,
slfT.xlsx,obsT.xlsx,testT.xlsx,,,,,,,0,2,1,1,42,44,right,high,44,1.323353759925897,0.9140073463637473,,,,,0,0,0,0,,,,,,,,,0,3,3,3,,,,,,,,,,,,,,,,,,,,,,,,,,,,,,,,,,,,,,,,,,,,,,,,,,,,,,,,,,121.50383737502852,121.974691792042,121.974691792042,123.3009990840219,124.2892496670247,124.2892496670247,124.2892496670247,124.32621625001775,124.32621625001775,124.32621625001775,124.32621625001775,124.32621625001775,124.32621625001775,125.22471175005194,126.22398150002118,126.25022741704015,126.25022741704015,126.25022741704015,126.25022741704015,126.25022741704015,126.25022741704015,126.25022741704015,126.25022741704015,126.25022741704015,128.29533579200506,128.29533579200506,128.29533579200506,128.29533579200506,,,,,,,,,,,,,,,,,,,,,,,,,,,,,,,,,,,,,,,,,,,,,,,,,,,,,,shiga,2023-06-28_15h37.43.624,Pattern_1,2022.2.4,None,
slfT.xlsx,obsT.xlsx,testT.xlsx,,,,,,,0,1,2,1,38,22,right,low,22,0.8657769303559366,0.8282654323119303,,,,,0,0,0,0,,,,,,,,,0,4,4,4,,,,,,,,,,,,,,,,,,,,,,,,,,,,,,,,,,,,,,,,,,,,,,,,,,,,,,,,,,128.29533579200506,128.76687200000742,128.76687200000742,129.64039320900338,130.63942754204618,130.62186612503137,130.62186612503137,130.65891079202993,130.65891079202993,130.65891079202993,130.65891079202993,130.65891079202993,130.65891079202993,131.47691395902075,132.4845432920265,132.51561920903623,132.51561920903623,132.51561920903623,132.51561920903623,132.51561920903623,132.51561920903623,132.51561920903623,132.51561920903623,132.51561920903623,134.5873558750027,134.5873558750027,134.5873558750027,134.5873558750027,,,,,,,,,,,,,,,,,,,,,,,,,,,,,,,,,,,,,,,,,,,,,,,,,,,,,,shiga,2023-06-28_15h37.43.624,Pattern_1,2022.2.4,None,
slfT.xlsx,obsT.xlsx,testT.xlsx,,,,,,,0,3,2,2,29,56,right,low,56,1.415450424791657,0.2183481176907799,,,,,0,0,0,0,,,,,,,,,0,5,5,5,,,,,,,,,,,,,,,,,,,,,,,,,,,,,,,,,,,,,,,,,,,,,,,,,,,,,,,,,,134.5873558750027,135.052114250022,135.052114250022,136.46679212502204,137.4566157090012,137.4566157090012,137.4566157090012,137.50125916703837,137.50125916703837,137.50125916703837,137.50125916703837,137.50125916703837,137.50125916703837,137.70619387505576,138.70029895904008,138.72639491700102,138.72639491700102,138.72639491700102,138.72639491700102,138.72639491700102,138.72639491700102,138.72639491700102,138.72639491700102,138.72639491700102,140.77921979204984,140.77921979204984,140.77921979204984,140.77921979204984,,,,,,,,,,,,,,,,,,,,,,,,,,,,,,,,,,,,,,,,,,,,,,,,,,,,,,shiga,2023-06-28_15h37.43.624,Pattern_1,2022.2.4,None,
slfT.xlsx,obsT.xlsx,testT.xlsx,,,,,,,0,1,1,1,29,39,right,high,39,1.595648022216958,0.5582961508096297,,,,,0,0,0,0,,,,,,,,,0,6,6,6,,,,,,,,,,,,,,,,,,,,,,,,,,,,,,,,,,,,,,,,,,,,,,,,,,,,,,,,,,140.77921979204984,141.25744833401404,141.25744833401404,142.85034641704988,143.84106058400357,143.85038908402203,143.85038908402203,143.87604358402314,143.87604358402314,143.87604358402314,143.87604358402314,143.87604358402314,143.87604358402314,144.424135209003,145.43482470902381,145.47194287501043,145.47194287501043,145.47194287501043,145.47194287501043,145.47194287501043,145.47194287501043,145.47194287501043,145.47194287501043,145.47194287501043,147.51078658405459,147.51078658405459,147.51078658405459,147.51078658405459,,,,,,,,,,,,,,,,,,,,,,,,,,,,,,,,,,,,,,,,,,,,,,,,,,,,,,shiga,2023-06-28_15h37.43.624,Pattern_1,2022.2.4,None,
slfT.xlsx,obsT.xlsx,testT.xlsx,,,,,,,0,3,1,1,38,30,left,high,38,0.4577589144128882,0.9427452012286089,,,,,0,0,0,0,,,,,,,,,0,7,7,7,,,,,,,,,,,,,,,,,,,,,,,,,,,,,,,,,,,,,,,,,,,,,,,,,,,,,,,,,,147.51078658405459,147.99073829205008,147.99073829205008,148.45007337501738,149.43939666700317,149.43939666700317,149.43939666700317,149.46689325000625,149.46689325000625,149.46689325000625,149.46689325000625,149.46689325000625,149.46689325000625,150.39008208404994,151.38364712503972,151.42768450005678,151.42768450005678,151.42768450005678,151.42768450005678,151.42768450005678,151.42768450005678,151.42768450005678,151.42768450005678,151.42768450005678,153.478452750016,153.478452750016,153.478452750016,153.478452750016,,,,,,,,,,,,,,,,,,,,,,,,,,,,,,,,,,,,,,,,,,,,,,,,,,,,,,shiga,2023-06-28_15h37.43.624,Pattern_1,2022.2.4,None,
slfT.xlsx,obsT.xlsx,testT.xlsx,,,,,,,0,2,2,1,46,37,left,high,46,1.085565080580571,1.348694341302885,,,,,0,0,0,0,,,,,,,,,0,8,8,8,,,,,,,,,,,,,,,,,,,,,,,,,,,,,,,,,,,,,,,,,,,,,,,,,,,,,,,,,,153.478452750016,153.9571579170297,153.9571579170297,155.04254558403045,156.0417207920109,156.0417207920109,156.0417207920109,156.06254212500062,156.06254212500062,156.06254212500062,156.06254212500062,156.06254212500062,156.06254212500062,157.39052300003823,158.38385575002758,158.43305700004566,158.43305700004566,158.43305700004566,158.43305700004566,158.43305700004566,158.43305700004566,158.43305700004566,158.43305700004566,158.43305700004566,160.50115887500579,160.50115887500579,160.50115887500579,160.50115887500579,,,,,,,,,,,,,,,,,,,,,,,,,,,,,,,,,,,,,,,,,,,,,,,,,,,,,,shiga,2023-06-28_15h37.43.624,Pattern_1,2022.2.4,None,
slfT.xlsx,obsT.xlsx,testT.xlsx,,,,,,,,,,,,,,,,,,4,4,0,2,0,0,0,0,,,,,,,,,,,,,0,0,0,0,0,0,0,0,,,,,,,,,,,,,,,,,,,,,,,,,,,,,,,,,,,,,,,,,,,,,,,,,,,,,,,,,,,,,,,,,,,,,,,,,,,,,,160.50115887500579,162.5054583340534,162.95028491702396,162.95028491702396,162.95028491702396,right,0,4.0197503319359384,167.02717191702686,167.02717191702686,167.02717191702686,167.02717191702686,168.03041566704633,168.03041566704633,168.03041566704633,168.03041566704633,168.03041566704633,168.03041566704633,168.03041566704633,168.03041566704633,168.03041566704633,168.03041566704633,right,1.4382447489188053,169.48664595902665,169.48664595902665,169.48664595902665,169.48664595902665,169.48664595902665,169.48664595902665,170.54914641700452,170.54914641700452,170.54914641700452,170.54914641700452,170.54914641700452,170.54914641700452,,,,,,,,,,,,,,,,,,shiga,2023-06-28_15h37.43.624,Pattern_1,2022.2.4,None,
slfT.xlsx,obsT.xlsx,testT.xlsx,,,,,,,,,,,,,,,,,,4,4,0,2,0,0,0,0,,,,,,,,,,,,,0,0,0,0,,,,,,,,,,,,,,,,,,,,,,,,,,,,,,,,,,,,,,,,,,,,,,,,,,,,,,,,,,,,,,,,,,,,,,,,,,,,,,,,,,,,,,,,,,,,,,,,,,,,,,,,,,,,,,,,,,,,,,170.54914641700452,170.54914641700452,170.54914641700452,170.54914641700452,172.58895875001326,172.58895875001326,172.58895875001326,172.58895875001326,,,,,,,,,,shiga,2023-06-28_15h37.43.624,Pattern_1,2022.2.4,None,
slfT.xlsx,obsT.xlsx,testT.xlsx,,,,,,,,,,,,,,,,,,1,3,2,2,0,0,0,0,,,,,,,,,,,,,0,1,1,1,0,0,0,0,,,,,,,,,,,,,,,,,,,,,,,,,,,,,,,,,,,,,,,,,,,,,,,,,,,,,,,,,,,,,,,,,,,,,,,,,,,,,,,172.58895875001326,173.06761891703354,173.06761891703354,173.06761891703354,right,0,3.7375733319786377,176.84666912502144,176.84666912502144,176.84666912502144,176.84666912502144,177.84615904203383,177.84615904203383,177.84615904203383,177.84615904203383,177.84615904203383,177.84615904203383,177.84615904203383,177.84615904203383,177.84615904203383,177.84615904203383,left,0.9579438319196925,178.81755000003614,178.81755000003614,178.81755000003614,178.81755000003614,178.81755000003614,178.81755000003614,179.8729476670269,179.8729476670269,179.8729476670269,179.8729476670269,179.8729476670269,179.8729476670269,,,,,,,,,,,,,,,,,,shiga,2023-06-28_15h37.43.624,Pattern_1,2022.2.4,None,
slfT.xlsx,obsT.xlsx,testT.xlsx,,,,,,,,,,,,,,,,,,1,3,2,2,0,0,0,0,,,,,,,,,,,,,0,1,1,1,,,,,,,,,,,,,,,,,,,,,,,,,,,,,,,,,,,,,,,,,,,,,,,,,,,,,,,,,,,,,,,,,,,,,,,,,,,,,,,,,,,,,,,,,,,,,,,,,,,,,,,,,,,,,,,,,,,,,,179.8729476670269,179.8729476670269,179.8729476670269,179.8729476670269,181.91131716704695,181.91131716704695,181.91131716704695,181.91131716704695,,,,,,,,,,shiga,2023-06-28_15h37.43.624,Pattern_1,2022.2.4,None,
slfT.xlsx,obsT.xlsx,testT.xlsx,,,,,,,,,,,,,,,,,,3,5,0,1,0,0,0,0,,,,,,,,,,,,,0,2,2,2,,,,,,,,,,,,,,,,,,,,,,,,,,,,,,,,,,,,,,,,,,,,,,,,,,,,,,,,,,,,,,,,,,,,,,,,,,,,,,,,,,,181.91131716704695,182.3909090840025,182.3909090840025,182.3909090840025,None,0,,187.42486025003018,187.42486025003018,187.42486025003018,187.42486025003018,188.45087387500098,188.45087387500098,188.45087387500098,188.45087387500098,,,,,,,,,,,,,,,,,,,,,188.45087387500098,188.45087387500098,188.45087387500098,188.45087387500098,190.49410241702572,190.49410241702572,190.49410241702572,190.49410241702572,187.3839762500138,187.3839762500138,187.3839762500138,187.42486025003018,,,,,,shiga,2023-06-28_15h37.43.624,Pattern_1,2022.2.4,None,
slfT.xlsx,obsT.xlsx,testT.xlsx,,,,,,,,,,,,,,,,,,2,1,1,2,0,0,0,0,,,,,,,,,,,,,0,3,3,3,0,0,0,0,,,,,,,,,,,,,,,,,,,,,,,,,,,,,,,,,,,,,,,,,,,,,,,,,,,,,,,,,,,,,,,,,,,,,,,,,,,,,,,190.49410241702572,190.97464833402773,190.97464833402773,190.97464833402773,right,0,1.2310945819481276,192.2325145000359,192.2325145000359,192.2325145000359,192.2325145000359,193.22468095901422,193.22468095901422,193.22468095901422,193.22468095901422,193.22468095901422,193.22468095901422,193.22468095901422,193.22468095901422,193.22468095901422,193.22468095901422,left,1.4296829989762045,194.66708425001707,194.66708425001707,194.66708425001707,194.66708425001707,194.66708425001707,194.66708425001707,195.72834004205652,195.72834004205652,195.72834004205652,195.72834004205652,195.72834004205652,195.72834004205652,,,,,,,,,,,,,,,,,,shiga,2023-06-28_15h37.43.624,Pattern_1,2022.2.4,None,
slfT.xlsx,obsT.xlsx,testT.xlsx,,,,,,,,,,,,,,,,,,2,1,1,2,0,0,0,0,,,,,,,,,,,,,0,3,3,3,,,,,,,,,,,,,,,,,,,,,,,,,,,,,,,,,,,,,,,,,,,,,,,,,,,,,,,,,,,,,,,,,,,,,,,,,,,,,,,,,,,,,,,,,,,,,,,,,,,,,,,,,,,,,,,,,,,,,,195.72834004205652,195.72834004205652,195.72834004205652,195.72834004205652,197.7762165000313,197.7762165000313,197.7762165000313,197.7762165000313,,,,,,,,,,shiga,2023-06-28_15h37.43.624,Pattern_1,2022.2.4,None,
slfT.xlsx,obsT.xlsx,testT.xlsx,,,,,,,,,,,,,,,,,,4,3,1,2,0,0,0,0,,,,,,,,,,,,,0,4,4,4,0,0,0,0,,,,,,,,,,,,,,,,,,,,,,,,,,,,,,,,,,,,,,,,,,,,,,,,,,,,,,,,,,,,,,,,,,,,,,,,,,,,,,,197.7762165000313,198.256947417045,198.256947417045,198.256947417045,left,0,2.0986944579635747,200.40418087504804,200.40418087504804,200.40418087504804,200.40418087504804,201.40047566703288,201.40047566703288,201.40047566703288,201.40047566703288,201.40047566703288,201.40047566703288,201.40047566703288,201.40047566703288,201.40047566703288,201.40047566703288,right,1.3111212489311583,202.73375216702698,202.73375216702698,202.73375216702698,202.73375216702698,202.73375216702698,202.73375216702698,203.82024120900314,203.82024120900314,203.82024120900314,203.82024120900314,203.82024120900314,203.82024120900314,,,,,,,,,,,,,,,,,,shiga,2023-06-28_15h37.43.624,Pattern_1,2022.2.4,None,
slfT.xlsx,obsT.xlsx,testT.xlsx,,,,,,,,,,,,,,,,,,4,3,1,2,0,0,0,0,,,,,,,,,,,,,0,4,4,4,,,,,,,,,,,,,,,,,,,,,,,,,,,,,,,,,,,,,,,,,,,,,,,,,,,,,,,,,,,,,,,,,,,,,,,,,,,,,,,,,,,,,,,,,,,,,,,,,,,,,,,,,,,,,,,,,,,,,,203.82024120900314,203.82024120900314,203.82024120900314,203.82024120900314,205.8665686250315,205.8665686250315,205.8665686250315,205.8665686250315,,,,,,,,,,shiga,2023-06-28_15h37.43.624,Pattern_1,2022.2.4,None,
slfT.xlsx,obsT.xlsx,testT.xlsx,,,,,,,,,,,,,,,,,,3,1,2,1,0,0,0,0,,,,,,,,,,,,,0,5,5,5,0,0,0,0,,,,,,,,,,,,,,,,,,,,,,,,,,,,,,,,,,,,,,,,,,,,,,,,,,,,,,,,,,,,,,,,,,,,,,,,,,,,,,,205.8665686250315,206.34070020902436,206.34070020902436,206.34070020902436,left,0,1.1656200399738736,207.5296584170428,207.5296584170428,207.5296584170428,207.5296584170428,208.5277367500239,208.5277367500239,208.5277367500239,208.5277367500239,208.5277367500239,208.5277367500239,208.5277367500239,208.5277367500239,208.5277367500239,208.5277367500239,right,1.483972081914544,210.02762345905649,210.02762345905649,210.02762345905649,210.02762345905649,210.02762345905649,210.02762345905649,211.1111261670012,211.1111261670012,211.1111261670012,211.1111261670012,211.1111261670012,211.1111261670012,,,,,,,,,,,,,,,,,,shiga,2023-06-28_15h37.43.624,Pattern_1,2022.2.4,None,
slfT.xlsx,obsT.xlsx,testT.xlsx,,,,,,,,,,,,,,,,,,3,1,2,1,0,0,0,0,,,,,,,,,,,,,0,5,5,5,,,,,,,,,,,,,,,,,,,,,,,,,,,,,,,,,,,,,,,,,,,,,,,,,,,,,,,,,,,,,,,,,,,,,,,,,,,,,,,,,,,,,,,,,,,,,,,,,,,,,,,,,,,,,,,,,,,,,,211.1111261670012,211.1111261670012,211.1111261670012,211.1111261670012,213.160475459008,213.160475459008,213.160475459008,213.160475459008,,,,,,,,,,shiga,2023-06-28_15h37.43.624,Pattern_1,2022.2.4,None,
slfT.xlsx,obsT.xlsx,testT.xlsx,,,,,,,,,,,,,,,,,,1,2,2,1,0,0,0,0,,,,,,,,,,,,,0,6,6,6,0,0,0,0,,,,,,,,,,,,,,,,,,,,,,,,,,,,,,,,,,,,,,,,,,,,,,,,,,,,,,,,,,,,,,,,,,,,,,,,,,,,,,,213.160475459008,213.64004704204854,213.64004704204854,213.64004704204854,right,0,1.3009981240029447,214.97942883404903,214.97942883404903,214.97942883404903,214.97942883404903,215.97842208400834,215.97842208400834,215.97842208400834,215.97842208400834,215.97842208400834,215.97842208400834,215.97842208400834,215.97842208400834,215.97842208400834,215.97842208400834,right,0.7564982899348252,216.75576533400454,216.75576533400454,216.75576533400454,216.75576533400454,216.75576533400454,216.75576533400454,217.87165508401813,217.87165508401813,217.87165508401813,217.87165508401813,217.87165508401813,217.87165508401813,,,,,,,,,,,,,,,,,,shiga,2023-06-28_15h37.43.624,Pattern_1,2022.2.4,None,
slfT.xlsx,obsT.xlsx,testT.xlsx,,,,,,,,,,,,,,,,,,1,2,2,1,0,0,0,0,,,,,,,,,,,,,0,6,6,6,,,,,,,,,,,,,,,,,,,,,,,,,,,,,,,,,,,,,,,,,,,,,,,,,,,,,,,,,,,,,,,,,,,,,,,,,,,,,,,,,,,,,,,,,,,,,,,,,,,,,,,,,,,,,,,,,,,,,,217.87165508401813,217.87165508401813,217.87165508401813,217.87165508401813,219.95377275004284,219.95377275004284,219.95377275004284,219.95377275004284,,,,,,,,,,shiga,2023-06-28_15h37.43.624,Pattern_1,2022.2.4,None,
slfT.xlsx,obsT.xlsx,testT.xlsx,,,,,,,,,,,,,,,,,,4,6,0,2,0,0,0,0,,,,,,,,,,,,,0,7,7,7,0,0,0,0,,,,,,,,,,,,,,,,,,,,,,,,,,,,,,,,,,,,,,,,,,,,,,,,,,,,,,,,,,,,,,,,,,,,,,,,,,,,,,,219.95377275004284,220.42329441703623,220.42329441703623,220.42329441703623,left,0,1.6180134989554062,222.08045791700715,222.08045791700715,222.08045791700715,222.08045791700715,223.07658983400324,223.07658983400324,223.07658983400324,223.07658983400324,223.07658983400324,223.07658983400324,223.07658983400324,223.07658983400324,223.07658983400324,223.07658983400324,left,1.391775831929408,224.48776137502864,224.48776137502864,224.48776137502864,224.48776137502864,224.48776137502864,224.48776137502864,225.55103116703685,225.55103116703685,225.55103116703685,225.55103116703685,225.55103116703685,225.55103116703685,,,,,,,,,,,,,,,,,,shiga,2023-06-28_15h37.43.624,Pattern_1,2022.2.4,None,
slfT.xlsx,obsT.xlsx,testT.xlsx,,,,,,,,,,,,,,,,,,4,6,0,2,0,0,0,0,,,,,,,,,,,,,0,7,7,7,,,,,,,,,,,,,,,,,,,,,,,,,,,,,,,,,,,,,,,,,,,,,,,,,,,,,,,,,,,,,,,,,,,,,,,,,,,,,,,,,,,,,,,,,,,,,,,,,,,,,,,,,,,,,,,,,,,,,,225.55103116703685,225.55103116703685,225.55103116703685,225.55103116703685,227.59039387502708,227.59039387502708,227.59039387502708,227.59039387502708,,,,,,,,,,shiga,2023-06-28_15h37.43.624,Pattern_1,2022.2.4,None,
slfT.xlsx,obsT.xlsx,testT.xlsx,,,,,,,,,,,,,,,,,,2,2,1,2,0,0,0,0,,,,,,,,,,,,,0,8,8,8,0,0,0,0,,,,,,,,,,,,,,,,,,,,,,,,,,,,,,,,,,,,,,,,,,,,,,,,,,,,,,,,,,,,,,,,,,,,,,,,,,,,,,,227.59039387502708,228.06453154201154,228.06453154201154,228.06453154201154,right,0,1.2802697489387356,229.3912513750256,229.3912513750256,229.3912513750256,229.3912513750256,230.3871117090457,230.3871117090457,230.3871117090457,230.3871117090457,230.3871117090457,230.3871117090457,230.3871117090457,230.3871117090457,230.3871117090457,230.3871117090457,left,0.6242738319560885,231.0346857920522,231.0346857920522,231.0346857920522,231.0346857920522,231.0346857920522,231.0346857920522,232.14517725002952,232.14517725002952,232.14517725002952,232.14517725002952,232.14517725002952,232.14517725002952,,,,,,,,,,,,,,,,,,shiga,2023-06-28_15h37.43.624,Pattern_1,2022.2.4,None,
slfT.xlsx,obsT.xlsx,testT.xlsx,,,,,,,,,,,,,,,,,,2,2,1,2,0,0,0,0,,,,,,,,,,,,,0,8,8,8,,,,,,,,,,,,,,,,,,,,,,,,,,,,,,,,,,,,,,,,,,,,,,,,,,,,,,,,,,,,,,,,,,,,,,,,,,,,,,,,,,,,,,,,,,,,,,,,,,,,,,,,,,,,,,,,,,,,,,232.14517725002952,232.14517725002952,232.14517725002952,232.14517725002952,234.24617433402454,234.24617433402454,234.24617433402454,234.24617433402454,,,,,,,,,,shiga,2023-06-28_15h37.43.624,Pattern_1,2022.2.4,None,
slfT.xlsx,obsT.xlsx,testT.xlsx,,,,,,,,,,,,,,,,,,3,2,1,1,0,0,0,0,,,,,,,,,,,,,0,9,9,9,0,0,0,0,,,,,,,,,,,,,,,,,,,,,,,,,,,,,,,,,,,,,,,,,,,,,,,,,,,,,,,,,,,,,,,,,,,,,,,,,,,,,,,234.24617433402454,234.72118300001603,234.72118300001603,234.72118300001603,right,0,1.0691091239568777,235.84001429204363,235.84001429204363,235.84001429204363,235.84001429204363,236.84109225001885,236.84109225001885,236.84109225001885,236.84109225001885,236.84109225001885,236.84109225001885,236.84109225001885,236.84109225001885,236.84109225001885,236.84109225001885,right,0.5289532069582492,237.39294508402236,237.39294508402236,237.39294508402236,237.39294508402236,237.39294508402236,237.39294508402236,238.50358704203973,238.50358704203973,238.50358704203973,238.50358704203973,238.50358704203973,238.50358704203973,,,,,,,,,,,,,,,,,,shiga,2023-06-28_15h37.43.624,Pattern_1,2022.2.4,None,
slfT.xlsx,obsT.xlsx,testT.xlsx,,,,,,,,,,,,,,,,,,3,2,1,1,0,0,0,0,,,,,,,,,,,,,0,9,9,9,,,,,,,,,,,,,,,,,,,,,,,,,,,,,,,,,,,,,,,,,,,,,,,,,,,,,,,,,,,,,,,,,,,,,,,,,,,,,,,,,,,,,,,,,,,,,,,,,,,,,,,,,,,,,,,,,,,,,,238.50358704203973,238.50358704203973,238.50358704203973,238.50358704203973,240.60572562500602,240.60572562500602,240.60572562500602,240.60572562500602,,,,,,,,,,shiga,2023-06-28_15h37.43.624,Pattern_1,2022.2.4,None,
slfT.xlsx,obsT.xlsx,testT.xlsx,,,,,,,,,,,,,,,,,,4,2,2,2,0,0,0,0,,,,,,,,,,,,,0,10,10,10,0,0,0,0,,,,,,,,,,,,,,,,,,,,,,,,,,,,,,,,,,,,,,,,,,,,,,,,,,,,,,,,,,,,,,,,,,,,,,,,,,,,,,,240.60572562500602,241.0677706670249,241.0677706670249,241.0677706670249,left,0,1.7642479569767602,242.88641700003063,242.88641700003063,242.88641700003063,242.88641700003063,243.88410841702716,243.88410841702716,243.88410841702716,243.88410841702716,243.88410841702716,243.88410841702716,243.88410841702716,243.88410841702716,243.88410841702716,243.88410841702716,right,0.8057530409423634,244.70053995901253,244.70053995901253,244.70053995901253,244.70053995901253,244.70053995901253,244.70053995901253,245.82328604202485,245.82328604202485,245.82328604202485,245.82328604202485,245.82328604202485,245.82328604202485,,,,,,,,,,,,,,,,,,shiga,2023-06-28_15h37.43.624,Pattern_1,2022.2.4,None,
slfT.xlsx,obsT.xlsx,testT.xlsx,,,,,,,,,,,,,,,,,,4,2,2,2,0,0,0,0,,,,,,,,,,,,,0,10,10,10,,,,,,,,,,,,,,,,,,,,,,,,,,,,,,,,,,,,,,,,,,,,,,,,,,,,,,,,,,,,,,,,,,,,,,,,,,,,,,,,,,,,,,,,,,,,,,,,,,,,,,,,,,,,,,,,,,,,,,245.82328604202485,245.82328604202485,245.82328604202485,245.82328604202485,247.92346979200374,247.92346979200374,247.92346979200374,247.92346979200374,,,,,,,,,,shiga,2023-06-28_15h37.43.624,Pattern_1,2022.2.4,None,
slfT.xlsx,obsT.xlsx,testT.xlsx,,,,,,,,,,,,,,,,,,1,1,2,2,0,0,0,0,,,,,,,,,,,,,0,11,11,11,0,0,0,0,,,,,,,,,,,,,,,,,,,,,,,,,,,,,,,,,,,,,,,,,,,,,,,,,,,,,,,,,,,,,,,,,,,,,,,,,,,,,,,247.92346979200374,248.39135208399966,248.39135208399966,248.39135208399966,left,0,2.3109482909785584,250.769599167048,250.769599167048,250.769599167048,250.769599167048,251.780990209023,251.780990209023,251.780990209023,251.780990209023,251.780990209023,251.780990209023,251.780990209023,251.780990209023,251.780990209023,251.780990209023,left,0.8213757489575073,252.622501209029,252.622501209029,252.622501209029,252.622501209029,252.622501209029,252.622501209029,253.76610150001943,253.76610150001943,253.76610150001943,253.76610150001943,253.76610150001943,253.76610150001943,,,,,,,,,,,,,,,,,,shiga,2023-06-28_15h37.43.624,Pattern_1,2022.2.4,None,
slfT.xlsx,obsT.xlsx,testT.xlsx,,,,,,,,,,,,,,,,,,1,1,2,2,0,0,0,0,,,,,,,,,,,,,0,11,11,11,,,,,,,,,,,,,,,,,,,,,,,,,,,,,,,,,,,,,,,,,,,,,,,,,,,,,,,,,,,,,,,,,,,,,,,,,,,,,,,,,,,,,,,,,,,,,,,,,,,,,,,,,,,,,,,,,,,,,,253.76610150001943,253.76610150001943,253.76610150001943,253.76610150001943,255.88301016704645,255.88301016704645,255.88301016704645,255.88301016704645,,,,,,,,,,shiga,2023-06-28_15h37.43.624,Pattern_1,2022.2.4,None,
slfT.xlsx,obsT.xlsx,testT.xlsx,,,,,,,,,,,,,,,,,,3,4,0,2,0,0,0,0,,,,,,,,,,,,,0,12,12,12,0,0,0,0,,,,,,,,,,,,,,,,,,,,,,,,,,,,,,,,,,,,,,,,,,,,,,,,,,,,,,,,,,,,,,,,,,,,,,,,,,,,,,,255.88301016704645,256.3408860420459,256.3408860420459,256.3408860420459,left,0,0.8988761659711599,257.26730012503685,257.26730012503685,257.26730012503685,257.26730012503685,258.26171133405296,258.26171133405296,258.26171133405296,258.26171133405296,258.26171133405296,258.26171133405296,258.26171133405296,258.26171133405296,258.26171133405296,258.26171133405296,right,0.6774402489536442,258.9666407920304,258.9666407920304,258.9666407920304,258.9666407920304,258.9666407920304,258.9666407920304,260.30498312501004,260.30498312501004,260.30498312501004,260.30498312501004,260.30498312501004,260.30498312501004,,,,,,,,,,,,,,,,,,shiga,2023-06-28_15h37.43.624,Pattern_1,2022.2.4,None,
slfT.xlsx,obsT.xlsx,testT.xlsx,,,,,,,,,,,,,,,,,,3,4,0,2,0,0,0,0,,,,,,,,,,,,,0,12,12,12,,,,,,,,,,,,,,,,,,,,,,,,,,,,,,,,,,,,,,,,,,,,,,,,,,,,,,,,,,,,,,,,,,,,,,,,,,,,,,,,,,,,,,,,,,,,,,,,,,,,,,,,,,,,,,,,,,,,,,260.30498312501004,260.30498312501004,260.30498312501004,260.30498312501004,262.3443312920281,262.3443312920281,262.3443312920281,262.3443312920281,,,,,,,,,,shiga,2023-06-28_15h37.43.624,Pattern_1,2022.2.4,None,
slfT.xlsx,obsT.xlsx,testT.xlsx,,,,,,,,,,,,,,,,,,2,3,1,1,0,0,0,0,,,,,,,,,,,,,0,13,13,13,0,0,0,0,,,,,,,,,,,,,,,,,,,,,,,,,,,,,,,,,,,,,,,,,,,,,,,,,,,,,,,,,,,,,,,,,,,,,,,,,,,,,,,262.3443312920281,262.82506720902165,262.82506720902165,262.82506720902165,left,0,0.9098870399757288,263.76138795900624,263.76138795900624,263.76138795900624,263.76138795900624,264.7610198750044,264.7610198750044,264.7610198750044,264.7610198750044,264.7610198750044,264.7610198750044,264.7610198750044,264.7610198750044,264.7610198750044,264.7610198750044,right,1.7443563739652745,266.5198197920108,266.5198197920108,266.5198197920108,266.5198197920108,266.5198197920108,266.5198197920108,267.60292516701156,267.60292516701156,267.60292516701156,267.60292516701156,267.60292516701156,267.60292516701156,,,,,,,,,,,,,,,,,,shiga,2023-06-28_15h37.43.624,Pattern_1,2022.2.4,None,
slfT.xlsx,obsT.xlsx,testT.xlsx,,,,,,,,,,,,,,,,,,2,3,1,1,0,0,0,0,,,,,,,,,,,,,0,13,13,13,,,,,,,,,,,,,,,,,,,,,,,,,,,,,,,,,,,,,,,,,,,,,,,,,,,,,,,,,,,,,,,,,,,,,,,,,,,,,,,,,,,,,,,,,,,,,,,,,,,,,,,,,,,,,,,,,,,,,,267.60292516701156,267.60292516701156,267.60292516701156,267.60292516701156,269.6538834590465,269.6538834590465,269.6538834590465,269.6538834590465,,,,,,,,,,shiga,2023-06-28_15h37.43.624,Pattern_1,2022.2.4,None,
slfT.xlsx,obsT.xlsx,testT.xlsx,,,,,,,,,,,,,,,,,,4,2,1,1,0,0,0,0,,,,,,,,,,,,,0,14,14,14,0,0,0,0,,,,,,,,,,,,,,,,,,,,,,,,,,,,,,,,,,,,,,,,,,,,,,,,,,,,,,,,,,,,,,,,,,,,,,,,,,,,,,,269.6538834590465,270.13401162502123,270.13401162502123,270.13401162502123,left,0,2.7186215399415232,272.8898950420553,272.8898950420553,272.8898950420553,272.8898950420553,273.8836306250305,273.8836306250305,273.8836306250305,273.8836306250305,273.8836306250305,273.8836306250305,273.8836306250305,273.8836306250305,273.8836306250305,273.8836306250305,left,0.8141174989868887,274.71731545904186,274.71731545904186,274.71731545904186,274.71731545904186,274.71731545904186,274.71731545904186,275.87341850000666,275.87341850000666,275.87341850000666,275.87341850000666,275.87341850000666,275.87341850000666,,,,,,,,,,,,,,,,,,shiga,2023-06-28_15h37.43.624,Pattern_1,2022.2.4,None,
slfT.xlsx,obsT.xlsx,testT.xlsx,,,,,,,,,,,,,,,,,,4,2,1,1,0,0,0,0,,,,,,,,,,,,,0,14,14,14,,,,,,,,,,,,,,,,,,,,,,,,,,,,,,,,,,,,,,,,,,,,,,,,,,,,,,,,,,,,,,,,,,,,,,,,,,,,,,,,,,,,,,,,,,,,,,,,,,,,,,,,,,,,,,,,,,,,,,275.87341850000666,275.87341850000666,275.87341850000666,275.87341850000666,277.91784495901084,277.91784495901084,277.91784495901084,277.91784495901084,,,,,,,,,,shiga,2023-06-28_15h37.43.624,Pattern_1,2022.2.4,None,
slfT.xlsx,obsT.xlsx,testT.xlsx,,,,,,,,,,,,,,,,,,3,3,2,1,0,0,0,0,,,,,,,,,,,,,0,15,15,15,0,0,0,0,,,,,,,,,,,,,,,,,,,,,,,,,,,,,,,,,,,,,,,,,,,,,,,,,,,,,,,,,,,,,,,,,,,,,,,,,,,,,,,277.91784495901084,278.3913352090167,278.3913352090167,278.3913352090167,right,0,1.2120447899214923,279.63032841699896,279.63032841699896,279.63032841699896,279.63032841699896,280.62658875004854,280.62658875004854,280.62658875004854,280.62658875004854,280.62658875004854,280.62658875004854,280.62658875004854,280.62658875004854,280.62658875004854,280.62658875004854,right,0.6951103739556856,281.33711654203944,281.33711654203944,281.33711654203944,281.33711654203944,281.33711654203944,281.33711654203944,282.4719910840504,282.4719910840504,282.4719910840504,282.4719910840504,282.4719910840504,282.4719910840504,,,,,,,,,,,,,,,,,,shiga,2023-06-28_15h37.43.624,Pattern_1,2022.2.4,None,
slfT.xlsx,obsT.xlsx,testT.xlsx,,,,,,,,,,,,,,,,,,3,3,2,1,0,0,0,0,,,,,,,,,,,,,0,15,15,15,,,,,,,,,,,,,,,,,,,,,,,,,,,,,,,,,,,,,,,,,,,,,,,,,,,,,,,,,,,,,,,,,,,,,,,,,,,,,,,,,,,,,,,,,,,,,,,,,,,,,,,,,,,,,,,,,,,,,,282.4719910840504,282.4719910840504,282.4719910840504,282.4719910840504,284.5667486670427,284.5667486670427,284.5667486670427,284.5667486670427,,,,,,,,,,shiga,2023-06-28_15h37.43.624,Pattern_1,2022.2.4,None,
slfT.xlsx,obsT.xlsx,testT.xlsx,,,,,,,,,,,,,,,,,,1,1,1,2,0,0,0,0,,,,,,,,,,,,,0,16,16,16,0,0,0,0,,,,,,,,,,,,,,,,,,,,,,,,,,,,,,,,,,,,,,,,,,,,,,,,,,,,,,,,,,,,,,,,,,,,,,,,,,,,,,,284.5667486670427,285.03727900004014,285.03727900004014,285.03727900004014,right,0,1.5699390830122866,286.64743970904965,286.64743970904965,286.64743970904965,286.64743970904965,287.6462502090144,287.6462502090144,287.6462502090144,287.6462502090144,287.6462502090144,287.6462502090144,287.6462502090144,287.6462502090144,287.6462502090144,287.6462502090144,left,0.6937819989398122,288.3567965000402,288.3567965000402,288.3567965000402,288.3567965000402,288.3567965000402,288.3567965000402,289.5214379170211,289.5214379170211,289.5214379170211,289.5214379170211,289.5214379170211,289.5214379170211,,,,,,,,,,,,,,,,,,shiga,2023-06-28_15h37.43.624,Pattern_1,2022.2.4,None,
slfT.xlsx,obsT.xlsx,testT.xlsx,,,,,,,,,,,,,,,,,,1,1,1,2,0,0,0,0,,,,,,,,,,,,,0,16,16,16,,,,,,,,,,,,,,,,,,,,,,,,,,,,,,,,,,,,,,,,,,,,,,,,,,,,,,,,,,,,,,,,,,,,,,,,,,,,,,,,,,,,,,,,,,,,,,,,,,,,,,,,,,,,,,,,,,,,,,289.5214379170211,289.5214379170211,289.5214379170211,289.5214379170211,291.60334650002187,291.60334650002187,291.60334650002187,291.60334650002187,,,,,,,,,,shiga,2023-06-28_15h37.43.624,Pattern_1,2022.2.4,None,
slfT.xlsx,obsT.xlsx,testT.xlsx,,,,,,,,,,,,,,,,,,4,5,0,2,0,0,0,0,,,,,,,,,,,,,0,17,17,17,0,0,0,0,,,,,,,,,,,,,,,,,,,,,,,,,,,,,,,,,,,,,,,,,,,,,,,,,,,,,,,,,,,,,,,,,,,,,,,,,,,,,,,291.60334650002187,292.0743611670332,292.0743611670332,292.0743611670332,left,0,3.0966806239448488,295.2012885840377,295.2012885840377,295.2012885840377,295.2012885840377,296.204186417046,296.204186417046,296.204186417046,296.204186417046,296.204186417046,296.204186417046,296.204186417046,296.204186417046,296.204186417046,296.204186417046,right,0.4213973739533685,296.64512191701215,296.64512191701215,296.64512191701215,296.64512191701215,296.64512191701215,296.64512191701215,297.7983499590191,297.7983499590191,297.7983499590191,297.7983499590191,297.7983499590191,297.7983499590191,,,,,,,,,,,,,,,,,,shiga,2023-06-28_15h37.43.624,Pattern_1,2022.2.4,None,
slfT.xlsx,obsT.xlsx,testT.xlsx,,,,,,,,,,,,,,,,,,4,5,0,2,0,0,0,0,,,,,,,,,,,,,0,17,17,17,,,,,,,,,,,,,,,,,,,,,,,,,,,,,,,,,,,,,,,,,,,,,,,,,,,,,,,,,,,,,,,,,,,,,,,,,,,,,,,,,,,,,,,,,,,,,,,,,,,,,,,,,,,,,,,,,,,,,,297.7983499590191,297.7983499590191,297.7983499590191,297.7983499590191,299.84668433404295,299.84668433404295,299.84668433404295,299.84668433404295,,,,,,,,,,shiga,2023-06-28_15h37.43.624,Pattern_1,2022.2.4,None,
slfT.xlsx,obsT.xlsx,testT.xlsx,,,,,,,,,,,,,,,,,,2,2,2,2,0,0,0,0,,,,,,,,,,,,,0,18,18,18,0,0,0,0,,,,,,,,,,,,,,,,,,,,,,,,,,,,,,,,,,,,,,,,,,,,,,,,,,,,,,,,,,,,,,,,,,,,,,,,,,,,,,,299.84668433404295,300.32442275003996,300.32442275003996,300.32442275003996,left,0,0.9968246659846045,301.36474183405517,301.36474183405517,301.36474183405517,301.36474183405517,302.36316504201386,302.36316504201386,302.36316504201386,302.36316504201386,302.36316504201386,302.36316504201386,302.36316504201386,302.36316504201386,302.36316504201386,302.36316504201386,left,1.1224416239419952,303.50300525000785,303.50300525000785,303.50300525000785,303.50300525000785,303.50300525000785,303.50300525000785,304.595962875057,304.595962875057,304.595962875057,304.595962875057,304.595962875057,304.595962875057,,,,,,,,,,,,,,,,,,shiga,2023-06-28_15h37.43.624,Pattern_1,2022.2.4,None,
slfT.xlsx,obsT.xlsx,testT.xlsx,,,,,,,,,,,,,,,,,,2,2,2,2,0,0,0,0,,,,,,,,,,,,,0,18,18,18,,,,,,,,,,,,,,,,,,,,,,,,,,,,,,,,,,,,,,,,,,,,,,,,,,,,,,,,,,,,,,,,,,,,,,,,,,,,,,,,,,,,,,,,,,,,,,,,,,,,,,,,,,,,,,,,,,,,,,304.595962875057,304.595962875057,304.595962875057,304.595962875057,306.65340208401904,306.65340208401904,306.65340208401904,306.65340208401904,,,,,,,,,,shiga,2023-06-28_15h37.43.624,Pattern_1,2022.2.4,None,
slfT.xlsx,obsT.xlsx,testT.xlsx,,,,,,,,,,,,,,,,,,3,1,1,1,0,0,0,0,,,,,,,,,,,,,0,19,19,19,0,0,0,0,,,,,,,,,,,,,,,,,,,,,,,,,,,,,,,,,,,,,,,,,,,,,,,,,,,,,,,,,,,,,,,,,,,,,,,,,,,,,,,306.65340208401904,307.13387791701825,307.13387791701825,307.13387791701825,right,0,1.5053817069274373,308.6798436670215,308.6798436670215,308.6798436670215,308.6798436670215,309.6820367090404,309.6820367090404,309.6820367090404,309.6820367090404,309.6820367090404,309.6820367090404,309.6820367090404,309.6820367090404,309.6820367090404,309.6820367090404,left,0.8526290819281712,310.55640533403493,310.55640533403493,310.55640533403493,310.55640533403493,310.55640533403493,310.55640533403493,311.74073120905086,311.74073120905086,311.74073120905086,311.74073120905086,311.74073120905086,311.74073120905086,,,,,,,,,,,,,,,,,,shiga,2023-06-28_15h37.43.624,Pattern_1,2022.2.4,None,
slfT.xlsx,obsT.xlsx,testT.xlsx,,,,,,,,,,,,,,,,,,3,1,1,1,0,0,0,0,,,,,,,,,,,,,0,19,19,19,,,,,,,,,,,,,,,,,,,,,,,,,,,,,,,,,,,,,,,,,,,,,,,,,,,,,,,,,,,,,,,,,,,,,,,,,,,,,,,,,,,,,,,,,,,,,,,,,,,,,,,,,,,,,,,,,,,,,,311.74073120905086,311.74073120905086,311.74073120905086,311.74073120905086,313.79185200005304,313.79185200005304,313.79185200005304,313.79185200005304,,,,,,,,,,shiga,2023-06-28_15h37.43.624,Pattern_1,2022.2.4,None,
slfT.xlsx,obsT.xlsx,testT.xlsx,,,,,,,,,,,,,,,,,,4,3,2,1,0,0,0,0,,,,,,,,,,,,,0,20,20,20,0,0,0,0,,,,,,,,,,,,,,,,,,,,,,,,,,,,,,,,,,,,,,,,,,,,,,,,,,,,,,,,,,,,,,,,,,,,,,,,,,,,,,,313.79185200005304,314.26755858404795,314.26755858404795,314.26755858404795,right,0,0.8740805819397792,315.1839645000291,315.1839645000291,315.1839645000291,315.1839645000291,316.17790012503974,316.17790012503974,316.17790012503974,316.17790012503974,316.17790012503974,316.17790012503974,316.17790012503974,316.17790012503974,316.17790012503974,316.17790012503974,left,0.7348638319526799,316.9362300840439,316.9362300840439,316.9362300840439,316.9362300840439,316.9362300840439,316.9362300840439,318.1344826670247,318.1344826670247,318.1344826670247,318.1344826670247,318.1344826670247,318.1344826670247,,,,,,,,,,,,,,,,,,shiga,2023-06-28_15h37.43.624,Pattern_1,2022.2.4,None,
slfT.xlsx,obsT.xlsx,testT.xlsx,,,,,,,,,,,,,,,,,,4,3,2,1,0,0,0,0,,,,,,,,,,,,,0,20,20,20,,,,,,,,,,,,,,,,,,,,,,,,,,,,,,,,,,,,,,,,,,,,,,,,,,,,,,,,,,,,,,,,,,,,,,,,,,,,,,,,,,,,,,,,,,,,,,,,,,,,,,,,,,,,,,,,,,,,,,318.1344826670247,318.1344826670247,318.1344826670247,318.1344826670247,320.178228209028,320.178228209028,320.178228209028,320.178228209028,,,,,,,,,,shiga,2023-06-28_15h37.43.624,Pattern_1,2022.2.4,None,
slfT.xlsx,obsT.xlsx,testT.xlsx,,,,,,,,,,,,,,,,,,1,2,1,1,0,0,0,0,,,,,,,,,,,,,0,21,21,21,0,0,0,0,,,,,,,,,,,,,,,,,,,,,,,,,,,,,,,,,,,,,,,,,,,,,,,,,,,,,,,,,,,,,,,,,,,,,,,,,,,,,,,320.178228209028,320.65688200003933,320.65688200003933,320.65688200003933,left,0,1.4009911239263602,322.0886420000461,322.0886420000461,322.0886420000461,322.0886420000461,323.1006591670448,323.1006591670448,323.1006591670448,323.1006591670448,323.1006591670448,323.1006591670448,323.1006591670448,323.1006591670448,323.1006591670448,323.1006591670448,right,1.3200622069998644,324.4333429590333,324.4333429590333,324.4333429590333,324.4333429590333,324.4333429590333,324.4333429590333,325.525644792011,325.525644792011,325.525644792011,325.525644792011,325.525644792011,325.525644792011,,,,,,,,,,,,,,,,,,shiga,2023-06-28_15h37.43.624,Pattern_1,2022.2.4,None,
slfT.xlsx,obsT.xlsx,testT.xlsx,,,,,,,,,,,,,,,,,,1,2,1,1,0,0,0,0,,,,,,,,,,,,,0,21,21,21,,,,,,,,,,,,,,,,,,,,,,,,,,,,,,,,,,,,,,,,,,,,,,,,,,,,,,,,,,,,,,,,,,,,,,,,,,,,,,,,,,,,,,,,,,,,,,,,,,,,,,,,,,,,,,,,,,,,,,325.525644792011,325.525644792011,325.525644792011,325.525644792011,327.7935351250344,327.7935351250344,327.7935351250344,327.7935351250344,,,,,,,,,,shiga,2023-06-28_15h37.43.624,Pattern_1,2022.2.4,None,
slfT.xlsx,obsT.xlsx,testT.xlsx,,,,,,,,,,,,,,,,,,3,6,0,2,0,0,0,0,,,,,,,,,,,,,0,22,22,22,0,0,0,0,,,,,,,,,,,,,,,,,,,,,,,,,,,,,,,,,,,,,,,,,,,,,,,,,,,,,,,,,,,,,,,,,,,,,,,,,,,,,,,327.7935351250344,328.2678055840079,328.2678055840079,328.2678055840079,right,0,0.8870855409186333,329.1895631250227,329.1895631250227,329.1895631250227,329.1895631250227,330.19046562502626,330.19046562502626,330.19046562502626,330.19046562502626,330.19046562502626,330.19046562502626,330.19046562502626,330.19046562502626,330.19046562502626,330.19046562502626,right,1.0455596239771694,331.25648100004764,331.25648100004764,331.25648100004764,331.25648100004764,331.25648100004764,331.25648100004764,332.4138345000101,332.4138345000101,332.4138345000101,332.4138345000101,332.4138345000101,332.4138345000101,,,,,,,,,,,,,,,,,,shiga,2023-06-28_15h37.43.624,Pattern_1,2022.2.4,None,
slfT.xlsx,obsT.xlsx,testT.xlsx,,,,,,,,,,,,,,,,,,3,6,0,2,0,0,0,0,,,,,,,,,,,,,0,22,22,22,,,,,,,,,,,,,,,,,,,,,,,,,,,,,,,,,,,,,,,,,,,,,,,,,,,,,,,,,,,,,,,,,,,,,,,,,,,,,,,,,,,,,,,,,,,,,,,,,,,,,,,,,,,,,,,,,,,,,,332.4138345000101,332.4138345000101,332.4138345000101,332.4138345000101,334.4866107920534,334.4866107920534,334.4866107920534,334.4866107920534,,,,,,,,,,shiga,2023-06-28_15h37.43.624,Pattern_1,2022.2.4,None,
slfT.xlsx,obsT.xlsx,testT.xlsx,,,,,,,,,,,,,,,,,,2,3,2,1,0,0,0,0,,,,,,,,,,,,,0,23,23,23,0,0,0,0,,,,,,,,,,,,,,,,,,,,,,,,,,,,,,,,,,,,,,,,,,,,,,,,,,,,,,,,,,,,,,,,,,,,,,,,,,,,,,,334.4866107920534,334.9579375840258,334.9579375840258,334.9579375840258,right,0,0.8831503319670446,335.87845504202414,335.87845504202414,335.87845504202414,335.87845504202414,336.8794597920496,336.8794597920496,336.8794597920496,336.8794597920496,336.8794597920496,336.8794597920496,336.8794597920496,336.8794597920496,336.8794597920496,336.8794597920496,right,0.9985463319462724,337.8944767920184,337.8944767920184,337.8944767920184,337.8944767920184,337.8944767920184,337.8944767920184,339.09223745903,339.09223745903,339.09223745903,339.09223745903,339.09223745903,339.09223745903,,,,,,,,,,,,,,,,,,shiga,2023-06-28_15h37.43.624,Pattern_1,2022.2.4,None,
slfT.xlsx,obsT.xlsx,testT.xlsx,,,,,,,,,,,,,,,,,,2,3,2,1,0,0,0,0,,,,,,,,,,,,,0,23,23,23,,,,,,,,,,,,,,,,,,,,,,,,,,,,,,,,,,,,,,,,,,,,,,,,,,,,,,,,,,,,,,,,,,,,,,,,,,,,,,,,,,,,,,,,,,,,,,,,,,,,,,,,,,,,,,,,,,,,,,339.09223745903,339.09223745903,339.09223745903,339.09223745903,341.2136402920005,341.2136402920005,341.2136402920005,341.2136402920005,,,,,,,,,,shiga,2023-06-28_15h37.43.624,Pattern_1,2022.2.4,None,
slfT.xlsx,obsT.xlsx,testT.xlsx,,,,,,,,,,,,,,,,,,4,1,1,2,0,0,0,0,,,,,,,,,,,,,0,24,24,24,0,0,0,0,,,,,,,,,,,,,,,,,,,,,,,,,,,,,,,,,,,,,,,,,,,,,,,,,,,,,,,,,,,,,,,,,,,,,,,,,,,,,,,341.2136402920005,341.67246033402625,341.67246033402625,341.67246033402625,right,0,1.0964196659624577,342.81091020902386,342.81091020902386,342.81091020902386,342.81091020902386,343.8124781670049,343.8124781670049,343.8124781670049,343.8124781670049,343.8124781670049,343.8124781670049,343.8124781670049,343.8124781670049,343.8124781670049,343.8124781670049,right,1.396419706987217,345.23390737501904,345.23390737501904,345.23390737501904,345.23390737501904,345.23390737501904,345.23390737501904,346.40022479201434,346.40022479201434,346.40022479201434,346.40022479201434,346.40022479201434,346.40022479201434,,,,,,,,,,,,,,,,,,shiga,2023-06-28_15h37.43.624,Pattern_1,2022.2.4,None,
slfT.xlsx,obsT.xlsx,testT.xlsx,,,,,,,,,,,,,,,,,,4,1,1,2,0,0,0,0,,,,,,,,,,,,,0,24,24,24,,,,,,,,,,,,,,,,,,,,,,,,,,,,,,,,,,,,,,,,,,,,,,,,,,,,,,,,,,,,,,,,,,,,,,,,,,,,,,,,,,,,,,,,,,,,,,,,,,,,,,,,,,,,,,,,,,,,,,346.40022479201434,346.40022479201434,346.40022479201434,346.40022479201434,348.5129050000105,348.5129050000105,348.5129050000105,348.5129050000105,,,,,,,,,,shiga,2023-06-28_15h37.43.624,Pattern_1,2022.2.4,None,
slfT.xlsx,obsT.xlsx,testT.xlsx,,,,,,,,,,,,,,,,,,3,2,2,1,0,0,0,0,,,,,,,,,,,,,0,25,25,25,0,0,0,0,,,,,,,,,,,,,,,,,,,,,,,,,,,,,,,,,,,,,,,,,,,,,,,,,,,,,,,,,,,,,,,,,,,,,,,,,,,,,,,348.5129050000105,348.98381037503714,348.98381037503714,348.98381037503714,right,0,1.760890332981944,350.77353629202116,350.77353629202116,350.77353629202116,350.77353629202116,351.77062275004573,351.77062275004573,351.77062275004573,351.77062275004573,351.77062275004573,351.77062275004573,351.77062275004573,351.77062275004573,351.77062275004573,351.77062275004573,right,1.534192499006167,353.31612283404684,353.31612283404684,353.31612283404684,353.31612283404684,353.31612283404684,353.31612283404684,354.4242672090186,354.4242672090186,354.4242672090186,354.4242672090186,354.4242672090186,354.4242672090186,,,,,,,,,,,,,,,,,,shiga,2023-06-28_15h37.43.624,Pattern_1,2022.2.4,None,
slfT.xlsx,obsT.xlsx,testT.xlsx,,,,,,,,,,,,,,,,,,3,2,2,1,0,0,0,0,,,,,,,,,,,,,0,25,25,25,,,,,,,,,,,,,,,,,,,,,,,,,,,,,,,,,,,,,,,,,,,,,,,,,,,,,,,,,,,,,,,,,,,,,,,,,,,,,,,,,,,,,,,,,,,,,,,,,,,,,,,,,,,,,,,,,,,,,,354.4242672090186,354.4242672090186,354.4242672090186,354.4242672090186,356.4789305840386,356.4789305840386,356.4789305840386,356.4789305840386,,,,,,,,,,shiga,2023-06-28_15h37.43.624,Pattern_1,2022.2.4,None,
slfT.xlsx,obsT.xlsx,testT.xlsx,,,,,,,,,,,,,,,,,,1,3,1,2,0,0,0,0,,,,,,,,,,,,,0,26,26,26,0,0,0,0,,,,,,,,,,,,,,,,,,,,,,,,,,,,,,,,,,,,,,,,,,,,,,,,,,,,,,,,,,,,,,,,,,,,,,,,,,,,,,,356.4789305840386,356.9557871670113,356.9557871670113,356.9557871670113,left,0,3.5128854159265757,360.5133160420228,360.5133160420228,360.5133160420228,360.5133160420228,361.50899837503675,361.50899837503675,361.50899837503675,361.50899837503675,361.50899837503675,361.50899837503675,361.50899837503675,361.50899837503675,361.50899837503675,361.50899837503675,left,0.6537553319940343,362.1765566250542,362.1765566250542,362.1765566250542,362.1765566250542,362.1765566250542,362.1765566250542,363.28603783401195,363.28603783401195,363.28603783401195,363.28603783401195,363.28603783401195,363.28603783401195,,,,,,,,,,,,,,,,,,shiga,2023-06-28_15h37.43.624,Pattern_1,2022.2.4,None,
slfT.xlsx,obsT.xlsx,testT.xlsx,,,,,,,,,,,,,,,,,,1,3,1,2,0,0,0,0,,,,,,,,,,,,,0,26,26,26,,,,,,,,,,,,,,,,,,,,,,,,,,,,,,,,,,,,,,,,,,,,,,,,,,,,,,,,,,,,,,,,,,,,,,,,,,,,,,,,,,,,,,,,,,,,,,,,,,,,,,,,,,,,,,,,,,,,,,363.28603783401195,363.28603783401195,363.28603783401195,363.28603783401195,365.3653492500307,365.3653492500307,365.3653492500307,365.3653492500307,,,,,,,,,,shiga,2023-06-28_15h37.43.624,Pattern_1,2022.2.4,None,
slfT.xlsx,obsT.xlsx,testT.xlsx,,,,,,,,,,,,,,,,,,4,1,2,1,0,0,0,0,,,,,,,,,,,,,0,27,27,27,0,0,0,0,,,,,,,,,,,,,,,,,,,,,,,,,,,,,,,,,,,,,,,,,,,,,,,,,,,,,,,,,,,,,,,,,,,,,,,,,,,,,,,365.3653492500307,365.8389535419992,365.8389535419992,365.8389535419992,left,0,1.403385998972226,367.28820933401585,367.28820933401585,367.28820933401585,367.28820933401585,368.28349583403906,368.28349583403906,368.28349583403906,368.28349583403906,368.28349583403906,368.28349583403906,368.28349583403906,368.28349583403906,368.28349583403906,368.28349583403906,left,1.6787961649242789,369.9773268340505,369.9773268340505,369.9773268340505,369.9773268340505,369.9773268340505,369.9773268340505,371.20163195900386,371.20163195900386,371.20163195900386,371.20163195900386,371.20163195900386,371.20163195900386,,,,,,,,,,,,,,,,,,shiga,2023-06-28_15h37.43.624,Pattern_1,2022.2.4,None,
slfT.xlsx,obsT.xlsx,testT.xlsx,,,,,,,,,,,,,,,,,,4,1,2,1,0,0,0,0,,,,,,,,,,,,,0,27,27,27,,,,,,,,,,,,,,,,,,,,,,,,,,,,,,,,,,,,,,,,,,,,,,,,,,,,,,,,,,,,,,,,,,,,,,,,,,,,,,,,,,,,,,,,,,,,,,,,,,,,,,,,,,,,,,,,,,,,,,371.20163195900386,371.20163195900386,371.20163195900386,371.20163195900386,373.2564386250451,373.2564386250451,373.2564386250451,373.2564386250451,,,,,,,,,,shiga,2023-06-28_15h37.43.624,Pattern_1,2022.2.4,None,
slfT.xlsx,obsT.xlsx,testT.xlsx,,,,,,,,,,,,,,,,,,2,1,2,1,0,0,0,0,,,,,,,,,,,,,0,28,28,28,0,0,0,0,,,,,,,,,,,,,,,,,,,,,,,,,,,,,,,,,,,,,,,,,,,,,,,,,,,,,,,,,,,,,,,,,,,,,,,,,,,,,,,373.2564386250451,373.7406031250139,373.7406031250139,373.7406031250139,left,0,0.8713944579940289,374.6372587090009,374.6372587090009,374.6372587090009,374.6372587090009,375.6336025840137,375.6336025840137,375.6336025840137,375.6336025840137,375.6336025840137,375.6336025840137,375.6336025840137,375.6336025840137,375.6336025840137,375.6336025840137,right,0.5208049159264192,376.16972704202635,376.16972704202635,376.16972704202635,376.16972704202635,376.16972704202635,376.16972704202635,377.5187198340427,377.5187198340427,377.5187198340427,377.5187198340427,377.5187198340427,377.5187198340427,,,,,,,,,,,,,,,,,,shiga,2023-06-28_15h37.43.624,Pattern_1,2022.2.4,None,
slfT.xlsx,obsT.xlsx,testT.xlsx,,,,,,,,,,,,,,,,,,2,1,2,1,0,0,0,0,,,,,,,,,,,,,0,28,28,28,,,,,,,,,,,,,,,,,,,,,,,,,,,,,,,,,,,,,,,,,,,,,,,,,,,,,,,,,,,,,,,,,,,,,,,,,,,,,,,,,,,,,,,,,,,,,,,,,,,,,,,,,,,,,,,,,,,,,,377.5187198340427,377.5187198340427,377.5187198340427,377.5187198340427,379.5740375420428,379.5740375420428,379.5740375420428,379.5740375420428,,,,,,,,,,shiga,2023-06-28_15h37.43.624,Pattern_1,2022.2.4,None,
slfT.xlsx,obsT.xlsx,testT.xlsx,,,,,,,,,,,,,,,,,,3,3,1,1,0,0,0,0,,,,,,,,,,,,,0,29,29,29,0,0,0,0,,,,,,,,,,,,,,,,,,,,,,,,,,,,,,,,,,,,,,,,,,,,,,,,,,,,,,,,,,,,,,,,,,,,,,,,,,,,,,,379.5740375420428,380.05735970905516,380.05735970905516,380.05735970905516,left,0,0.9956749989069067,381.076111167029,381.076111167029,381.076111167029,381.076111167029,382.0769138750038,382.0769138750038,382.0769138750038,382.0769138750038,382.0769138750038,382.0769138750038,382.0769138750038,382.0769138750038,382.0769138750038,382.0769138750038,left,0.8122536239679903,382.92195633403026,382.92195633403026,382.92195633403026,382.92195633403026,382.92195633403026,382.92195633403026,384.1118815840455,384.1118815840455,384.1118815840455,384.1118815840455,384.1118815840455,384.1118815840455,,,,,,,,,,,,,,,,,,shiga,2023-06-28_15h37.43.624,Pattern_1,2022.2.4,None,
slfT.xlsx,obsT.xlsx,testT.xlsx,,,,,,,,,,,,,,,,,,3,3,1,1,0,0,0,0,,,,,,,,,,,,,0,29,29,29,,,,,,,,,,,,,,,,,,,,,,,,,,,,,,,,,,,,,,,,,,,,,,,,,,,,,,,,,,,,,,,,,,,,,,,,,,,,,,,,,,,,,,,,,,,,,,,,,,,,,,,,,,,,,,,,,,,,,,384.1118815840455,384.1118815840455,384.1118815840455,384.1118815840455,386.2992332090507,386.2992332090507,386.2992332090507,386.2992332090507,,,,,,,,,,shiga,2023-06-28_15h37.43.624,Pattern_1,2022.2.4,None,
slfT.xlsx,obsT.xlsx,testT.xlsx,,,,,,,,,,,,,,,,,,,,,,0,0,0,0,,,,,,,,,,,,,,,,,,,,,,,,,,,,,,,,,,,,,,,,,,,,,,,,,,,,,,,,,,,,,,,,,,,,,,,,,,,,,,,,,,,,,,,,,,,,,,,,,,,,,,,,,,,,,,,,,,,,,,,,,,,,,,,,,,,,,,,,,,,,,,,,,,386.2992332090507,386.2992332090507,space,3.838725581939798,,shiga,2023-06-28_15h37.43.624,Pattern_1,2022.2.4,None,
,,,,,,,,,,,,,,,,,,,,,,,,,,,,,,,,,,,,,,,,,,,,,,,,,,,,,,,,,,,,,,,,,,,,,,,,,,,,,,,,,,,,,,,,,,,,,,,,,,,,,,,,,,,,,,,,,,,,,,,,,,,,,,,,,,,,,,,,,,,,,,,,,,,,,,,,,,,,,,,,,,,,,,,,,,,,,,,,,393.2895547920489,,,,,,
